,TOU_threshold,Average_cost
0,0.0,4.363870895601678
1,0.25,4.363870895601678
2,0.5,4.363870895601678
3,0.75,4.363870895601678
4,1.0,4.363870895601678
